"","x"
"1",NA
"2","Brussels Hoofdstedelijk Gewest.UZ Leuven, National Reference Laboratory for Coronaviruses, Laboratory Medicine, Leuven, Belgium"
"3","Waals-Brabant.UZ Leuven, National Reference Laboratory for Coronaviruses, Laboratory Medicine, Leuven, Belgium"
"4","Henegouwen.UZ Leuven, National Reference Laboratory for Coronaviruses, Laboratory Medicine, Leuven, Belgium"
"5","Vlaams-Brabant.UZ Leuven, National Reference Laboratory for Coronaviruses, Laboratory Medicine, Leuven, Belgium"
"6","Limburg.UZ Leuven, National Reference Laboratory for Coronaviruses, Laboratory Medicine, Leuven, Belgium"
"7","Oost-Vlaanderen.UZ Leuven, National Reference Laboratory for Coronaviruses, Laboratory Medicine, Leuven, Belgium"
"8","Luik.UZ Leuven, National Reference Laboratory for Coronaviruses, Laboratory Medicine, Leuven, Belgium"
"9","Namen.UZ Leuven, National Reference Laboratory for Coronaviruses, Laboratory Medicine, Leuven, Belgium"
"10","Antwerpen.UZ Leuven, National Reference Laboratory for Coronaviruses, Laboratory Medicine, Leuven, Belgium"
"11","Namen.Plateforme BIS Namur"
"12","Henegouwen.Plateforme BIS Namur"
"13","Waals-Brabant.Plateforme BIS Namur"
"14","Vlaams-Brabant.Plateforme BIS Namur"
"15","Brussels Hoofdstedelijk Gewest.KU Leuven, Rega Institute, Clinical and Epidemiological Virology"
"16","Vlaams-Brabant.KU Leuven, Rega Institute, Clinical and Epidemiological Virology"
"17","Antwerpen.Somedi"
"18","Antwerpen.Imelda Hospital"
"19","Antwerpen.Algemeen Klinisch Labo Lier"
"20","Waals-Brabant.Synlab"
"21","Antwerpen.AZ Klina"
"22","Brussels Hoofdstedelijk Gewest.Cliniques universitaires Saint-Luc"
"23","Namen.Cliniques universitaires Saint-Luc"
"24","Vlaams-Brabant.Cliniques universitaires Saint-Luc"
"25","Oost-Vlaanderen.Cliniques universitaires Saint-Luc"
"26","Waals-Brabant.Cliniques universitaires Saint-Luc"
"27","Henegouwen.Cliniques universitaires Saint-Luc"
"28","Henegouwen.Synlab"
"29","Luik.Department of Clinical Microbiology"
"30","Luxemburg.Synlab"
"31","Namen.Synlab"
"32","Vlaams-Brabant.Synlab"
"33","Brussels Hoofdstedelijk Gewest.Synlab"
"34","Oost-Vlaanderen.Synlab"
"35","Luik.Synlab"
"36","Limburg.Synlab"
"37","Luik.St. Nikolaus-Hospital Eupen"
"38","Oost-Vlaanderen.Platform BIS UZA/UAntwerpen"
"39","Antwerpen.Platform BIS UZA/UAntwerpen"
"40","Antwerpen.Algemeen Medisch Laboratorium"
"41","Vlaams-Brabant.Platform BIS UZA/UAntwerpen"
"42","Antwerpen.Algemeen Medisch Laboratorium (AML)"
"43","Antwerpen.GZA Sint-Augustinus"
"44","Namen.LHUB-ULB"
"45","Brussels Hoofdstedelijk Gewest.LHUB-ULB"
"46","Antwerpen.Univeritair Ziekenhuis Antwerpen (UZA)"
"47","Limburg.Platform BIS UZA/UAntwerpen"
"48","Vlaams-Brabant.LHUB-ULB"
"49","Luxemburg.Department of Clinical Microbiology"
"50","Luxemburg.Vivalia - Clinique Saint-Joseph"
"51","Henegouwen.LHUB-ULB"
"52","Luik.University of Liège COVID-19 testing center"
"53","Limburg.KU Leuven, Rega Institute, Clinical and Epidemiological Virology"
"54","Antwerpen.KU Leuven, Rega Institute, Clinical and Epidemiological Virology"
"55","Oost-Vlaanderen.KU Leuven, Rega Institute, Clinical and Epidemiological Virology"
"56","Henegouwen.KU Leuven, Rega Institute, Clinical and Epidemiological Virology"
"57","Namen.KU Leuven, Rega Institute, Clinical and Epidemiological Virology"
"58","Waals-Brabant.KU Leuven, Rega Institute, Clinical and Epidemiological Virology"
"59","West-Vlaanderen.KU Leuven, Rega Institute, Clinical and Epidemiological Virology"
"60","Luik.KU Leuven, Rega Institute, Clinical and Epidemiological Virology"
"61","West-Vlaanderen.Platform BIS UZA/UAntwerpen"
"62","West-Vlaanderen.AZDelta"
"63","Limburg.AZDelta"
"64","Henegouwen.SYNLAB - Laboratoire J. Collard"
"65","Luik.CHR de La Citadelle"
"66","Brussels Hoofdstedelijk Gewest.SYNLAB - Laboratoire J. Collard"
"67","Luik.SYNLAB - Laboratoire J. Collard"
"68","Vlaams-Brabant.SYNLAB - Laboratoire J. Collard"
"69","Namen.SYNLAB - Laboratoire J. Collard"
"70","Luik.Clinique St Joseph Saint Vith"
"71","Henegouwen.Department of Clinical Microbiology"
"72","Henegouwen.Clinique N.D de Grâce Gosselies"
"73","Luik.C.H.C MontLégia"
"74","Luxemburg.Hopital Sainte Therese Bastogne"
"75","Luxemburg.I.F.A.C. Hopital Princesse Paola"
"76","Namen.I.F.A.C. Hopital Princesse Paola"
"77","Namen.University of Liège COVID-19 testing center"
"78","Luxemburg.University of Liège COVID-19 testing center"
"79","Waals-Brabant.SYNLAB - Laboratoire J. Collard"
"80","Antwerpen.ALGEMEEN MEDISCH LABO"
"81","Waals-Brabant.Clinique N.D de Grâce Gosselies"
"82","Luik.Clinique N.D de Grâce Gosselies"
"83","Luik.C.H.Bois de l'Abbaye"
"84","Henegouwen.Centre Hospitalier de Wallonie Picarde (CHWaPi)"
"85","Luxemburg.KU Leuven, Rega Institute, Clinical and Epidemiological Virology"
"86","West-Vlaanderen.Department of Clinical Microbiology"
"87","Namen.Department of Clinical Microbiology"
"88","Luik.CHC"
"89","Henegouwen.Labo Luc Olivier"
"90","Waals-Brabant.University of Liège COVID-19 testing center"
"91","Luik.CHR de la Citadelle"
"92","Antwerpen.GZA Sint-Augustinus Hospital"
"93","Antwerpen.ZNA Middelheim"
"94","Antwerpen.Heilig Hart Lier"
"95","Waals-Brabant.Cliniques Saint-Pierre Ottignies"
"96","Henegouwen.AZDelta"
"97","Luik.CHC Liège"
"98","Namen.CHR Namur"
"99","Antwerpen.Labo Luc Olivier"
"100","Oost-Vlaanderen.Labo Luc Olivier"
"101","Waals-Brabant.Labo Luc Olivier"
"102","Namen.Labo Luc Olivier"
"103","Luxemburg.Labo Luc Olivier"
"104","Luik.Labo Luc Olivier"
"105","Antwerpen.Heilig Hart Mol"
"106","Antwerpen.Centrum voor Medische Analyse"
"107","Brussels Hoofdstedelijk Gewest.Labo Luc Olivier"
"108","Brussels Hoofdstedelijk Gewest.University of Liège COVID-19 testing center"
"109","Limburg.University of Liège COVID-19 testing center"
"110","Henegouwen.University of Liège COVID-19 testing center"
"111","Oost-Vlaanderen.University of Liège COVID-19 testing center"
"112","Vlaams-Brabant.University of Liège COVID-19 testing center"
"113","Oost-Vlaanderen.AZDelta"
"114","West-Vlaanderen.Lab voor klinische biologie"
"115","Oost-Vlaanderen.Lab voor klinische biologie"
"116","Brussels Hoofdstedelijk Gewest.Platform BIS UZA/UAntwerpen"
"117","Luxemburg.Platform BIS UZA/UAntwerpen"
"118","Luxemburg.Cliniques Sud-Luxembourg"
"119","Waals-Brabant.CHR de La Citadelle"
"120","Oost-Vlaanderen.SYNLAB - Laboratoire J. Collard"
"121","Luxemburg.SYNLAB - Laboratoire J. Collard"
"122","Henegouwen.Cliniques Sud-Luxembourg"
"123","Namen.Plateforme de testing Namuroise"
"124","Waals-Brabant.Saint-Luc Bouge"
"125","Luxemburg.Laboratoire Vivalia - Cliniques St-Joseph"
"126","Luxemburg.Laboratoire Vivalia -Cliniques St-Joseph"
"127","Brussels Hoofdstedelijk Gewest.Plateforme de testing Namuroise"
"128","Luik.I.F.A.C. Hopital Princesse Paola"
"129","Luxemburg.Centre Hospitalier de l'Ardenne"
"130","Namen.Centre Hospitalier de l'Ardenne"
"131","Vlaams-Brabant.Imelda Hospital"
"132","Luik.SYNLAB"
"133","Brussels Hoofdstedelijk Gewest.SYNLAB"
"134","Vlaams-Brabant.SYNLAB"
"135","Henegouwen.SYNLAB"
"136","Waals-Brabant.SYNLAB"
"137","Luxemburg.Cliniques Cud-Luxembourg"
"138","Luxemburg.SYNLAB"
"139","Namen.Clinique N.D de Grâce Gosselies"
"140","Luik.Cliniques Cud-Luxembourg"
"141","Oost-Vlaanderen.SYNLAB"
"142","Antwerpen.Heilig Hart Hospital"
"143","Luxemburg.Plateforme de testing Namuroise"
"144","West-Vlaanderen.Plateforme de testing Namuroise"
"145","West-Vlaanderen.AZ St.Jan Brugge"
"146","West-Vlaanderen.AZ Zeno"
"147","West-Vlaanderen.AZ St.Jan, campus Oostende"
"148","West-Vlaanderen.AZ St.Jan"
"149","Henegouwen.CHWAPI - SITE NOTRE DAME"
"150","Luxemburg.arlon"
"151","Brussels Hoofdstedelijk Gewest.Plateforme de testing namuroise"
"152","Namen.Plateforme de testing namuroise"
"153","Luik.Plateforme de testing Namuroise"
"154","West-Vlaanderen.AZ St.jan Brugge"
"155","West-Vlaanderen.AZ St.Jan Brugge-Oostende"
"156","Antwerpen.Platform BIS UZA/UAntwerpen (PLBIS)"
"157","Luik.C.H Peltzer - la Tourelle"
"158","Waals-Brabant.Department of Clinical Microbiology"
"159","Antwerpen.SYNLAB"
"160","Antwerpen.Heilig hart Lier"
"161","Vlaams-Brabant.Imelda hospital"
"162","Antwerpen.Imelda hospital"
"163","Antwerpen.AZ Sint-Maarten"
"164","Luxemburg.Marche en Famenne"
"165","Namen.Marche en Famenne"
"166","Luxemburg.Arlon"
"167","Luik.Marche en Famenne"
"168","Namen.Arlon"
"169","West-Vlaanderen.Algemeen Medisch Laboratorium (AML)"
"170","Brussels Hoofdstedelijk Gewest.Laboratoire Hospitalier Universitaire de Bruxelles (LHUB-ULB)"
"171","Antwerpen.Universitair Ziekemhuis Antwerpen (UZA)"
"172","Vlaams-Brabant.Laboratoire Hospitalier Universitaire de Bruxelles (LHUB-ULB)"
"173","West-Vlaanderen.AZ Sint-Jan Brugge-Oostende AV"
"174","Antwerpen.Heilig Hart Hospital Lier"
"175","Antwerpen.Imelda hospital Bonheiden"
"176","Vlaams-Brabant.Labo Somedi"
"177","Antwerpen.Labo Somedi"
"178","Vlaams-Brabant.Imelda hospital Bonheiden"
"179","Henegouwen.National Plateform bis UMONS/Jolimont"
"180","Henegouwen.National Platform bis UMONS/Jolimont"
"181","Vlaams-Brabant.OLVZ Aalst"
"182","Oost-Vlaanderen.OLVZ Aalst"
"183","Henegouwen.Cabinet Privé"
"184","Antwerpen.AZ Rivierenland, Campus Rumst"
"185","Vlaams-Brabant.University Hospital Laboratory of Brussels Universitair Laboratorium van Brussel (LHUB-ULB)"
"186","Namen.AZDelta"
"187","Brussels Hoofdstedelijk Gewest.CHR de La Citadelle"
"188","Luik.CHR de Namur"
"189","Brussels Hoofdstedelijk Gewest.Lab voor klinische biologie"
"190","Vlaams-Brabant.Lab voor klinische biologie"
"191","Henegouwen.Lab voor klinische biologie"
"192","Antwerpen.Lab voor klinische biologie"
"193","Waals-Brabant.Lab voor klinische biologie"
"194","West-Vlaanderen.AZ Sint-Jan"
"195","Luik.Univeritair Ziekenhuis Antwerpen (UZA)"
"196","Vlaams-Brabant.Univeritair Ziekenhuis Antwerpen (UZA)"
"197","Limburg.SYNLAB"
"198","Namen.SYNLAB"
"199","Waals-Brabant.Institut de Pathologie et Genetique (IPG)"
"200","Oost-Vlaanderen.CHWAPI - SITE NOTRE DAME"
"201","Luik.Cliniques universitaires Saint-Luc"
"202","Vlaams-Brabant.Somedi laboratories"
"203","Antwerpen.Somedi laboratories"
"204","Vlaams-Brabant.AZ Jan Portaels"
"205","Henegouwen.Platform BIS UZA/UAntwerpen"
"206","Vlaams-Brabant.Algemeen Medisch Laboratorium (AML)"
"207","Henegouwen.Laboratoire Hospitalier Universitaire de Bruxelles (LHUB-ULB)"
"208","Waals-Brabant.Laboratoire Hospitalier Universitaire de Bruxelles (LHUB-ULB)"
"209","Oost-Vlaanderen.Algemeen Medisch Laboratorium (AML)"
"210","Henegouwen.Labo Medicom"
"211","Luik.Labo Medicom"
"212","Brussels Hoofdstedelijk Gewest.Labo Medicom"
"213","Oost-Vlaanderen.AZ Sint-Jan"
"214","Henegouwen.Institut de Pathologie et Genetique (IPG)"
"215","Antwerpen.Klinisch Laboratorium ZNA"
"216","Luxemburg.Libramont"
"217","Namen.Libramont"
"218","Henegouwen.Plateforme de testing Namuroise"
"219","Henegouwen.Cabinet Priv<U+00E9>"
"220","West-Vlaanderen.CHWAPI - SITE NOTRE DAME"
"221","Antwerpen.Algemeen Medisch Labo"
"222","Antwerpen.Labo Klinische Biologie, UZA"
"223","Oost-Vlaanderen.Labo Klinische Biologie, UZA"
"224","Brussels Hoofdstedelijk Gewest.Labo Klinische Biologie, UZA"
"225","Vlaams-Brabant.CHWAPI - SITE NOTRE DAME"
"226","Vlaams-Brabant.Imeda Hospital"
"227","Antwerpen.Imeda Hospital"
"228","Oost-Vlaanderen.Imeda Hospital"
"229","Brussels Hoofdstedelijk Gewest.AZDelta"
"230","Antwerpen.ST. JOZEFKLINIEK-Campus Willebroek"
"231","Brussels Hoofdstedelijk Gewest.Department of Clinical Microbiology"
"232","Waals-Brabant.LHUB-ULB"
"233","Antwerpen.University Hospital Antwerp (UZA), Drie Eikenstraat 655, 2650 Edegem, Belgium"
"234","Antwerpen.#VALUE!"
"235","Namen.Platform BIS UZA/UAntwerpen"
"236","Luik.LHUB-ULB"
"237","Oost-Vlaanderen.LHUB-ULB"
"238","West-Vlaanderen.SYNLAB"
"239","Limburg.AZ Klina"
"240","Antwerpen.Klinisch Laboratorium GZA"
"241","Henegouwen.Klinisch Laboratorium ZNA"
"242","Oost-Vlaanderen.AZ Sint Blasius"
"243","Waals-Brabant.Plateforme de testing Namuroise"
"244","Brussels Hoofdstedelijk Gewest.OLVZ Aalst"
"245","Namen.Plateforme Clinique de testing Namuroise"
"246","Henegouwen.Plateforme Clinique de testing Namuroise"
"247","Namen.Cabinet Priv<U+00E9>"
"248","Luxemburg.Plateforme Clinique de testing Namuroise"
"249","Vlaams-Brabant.CHR de La Citadelle"
"250","Brussels Hoofdstedelijk Gewest.Brussels Academic Hospital Lab (LHUB-ULB)"
"251","Henegouwen.Brussels Academic Hospital Lab (LHUB-ULB)"
"252","Oost-Vlaanderen.Brussels Academic Hospital Lab (LHUB-ULB)"
"253","Vlaams-Brabant.Brussels Academic Hospital Lab (LHUB-ULB)"
"254","Waals-Brabant.Brussels Academic Hospital Lab (LHUB-ULB)"
"255","Luik.Brussels Academic Hospital Lab (LHUB-ULB)"
"256","Antwerpen.Brussels Academic Hospital Lab (LHUB-ULB)"
"257","Antwerpen.LHUB-ULB"
"258","Brussels Hoofdstedelijk Gewest.Arlon"
"259","Antwerpen.AZ Sint Maarten"
"260","Luik.Plateforme de testing namuroise"
"261","Vlaams-Brabant.Plateforme de testing Namuroise"
"262","Henegouwen.CLINIQUE N-D DE GRACE"
"263","Henegouwen.Plateforme de testing namuroise"
"264","Limburg.Algemeen Medisch Labo"
"265","Vlaams-Brabant.Klinisch Laboratorium ZNA"
"266","Oost-Vlaanderen.Klinisch Laboratorium ZNA"
"267","Brussels Hoofdstedelijk Gewest.AZ St.Jan Brugge-Oostende"
"268","Henegouwen.CHWAPI - SITE NOTRE DAME"",""AVENUE DELMEE 9 ZIP 7500"
"269","Waals-Brabant.CLINIQUE N-D DE GRACE"
"270","Namen.GHDC - SITE ST JOSEPH"
"271","Henegouwen.GHDC - SITE ST JOSEPH"
"272","Luik.Arlon"
"273","Luik.CHR Verviers"
"274","Luxemburg.LHUB-ULB"
"275","Brussels Hoofdstedelijk Gewest.Algemeen Medisch Labo"
"276","Namen.CLINIQUE N-D DE GRACE"
"277","Oost-Vlaanderen.AZ St.Jan Brugge-Oostende"
"278","Brussels Hoofdstedelijk Gewest.AZ Zeno"
"279","Luxemburg.Cabinet Privé"
"280","Luik.Clinique André Renard Herstal"
"281","Antwerpen.'[Run20210508template bulk upload 20210508.xlsx]intermediaire'!R97"
"282","West-Vlaanderen.LHUB-ULB"
"283","Limburg.Jessa"
"284","Limburg.LKO"
"285","Limburg.jessa"
"286","Antwerpen.jessa"
"287","Vlaams-Brabant.jessa"
"288","Antwerpen.Imelda Ziekenhuis"
"289","Vlaams-Brabant.Imelda Ziekenhuis"
"290","Limburg.Imelda Ziekenhuis"
"291","Antwerpen.Instituut Tropische Geneeskunde"
"292","West-Vlaanderen.AZ Delta Medical Laboratories in Roeselare, Belgium"
"293","Oost-Vlaanderen.Algemeen Medisch Labo"
"294","Vlaams-Brabant.Labo Klinische Biologie, UZA"
"295","Vlaams-Brabant.Jessa"
"296","Vlaams-Brabant.LKO"
"297","Antwerpen.LKO"
"298","West-Vlaanderen.AZ Zeno Knokke-Blankenberge"
"299","West-Vlaanderen.AZ St.Jan Brugge-Oostende AV"
"300","Limburg.AZ Zeno Knokke-Blankenberge"
"301","Waals-Brabant.Algemeen Medisch Labo"
"302","Vlaams-Brabant.Algemeen Medisch Labo"
"303","Henegouwen.Algemeen Medisch Labo"
"304","Brussels Hoofdstedelijk Gewest.CHWAPI - SITE NOTRE DAME"
"305","Luik.LKO"
"306","Oost-Vlaanderen.AZ Sint-Lucas Gent"
"307","Waals-Brabant.OLVZ Aalst"
"308","Brussels Hoofdstedelijk Gewest.Hôpitaux Iris Sud Etterbeek-Ixelles"
"309","West-Vlaanderen.AZ St.Jan campus Oostende"
"310","West-Vlaanderen.AZ St.Jan campus Brugge"
"311","Limburg.ZOL"
"312","West-Vlaanderen.Klinisch Laboratorium ZNA"
"313","Antwerpen.CENTRUM VOOR MEDISCHE ANALYSE"
"314","Limburg.CENTRUM VOOR MEDISCHE ANALYSE"
"315","Luik.Laboratoires Réunis"
"316","Waals-Brabant.Clinique Saint-Pierre Ottignies"
"317","Henegouwen.Clinique Saint-Pierre Ottignies"
"318","Namen.Clinique Saint-Pierre Ottignies"
"319","Vlaams-Brabant.AZ Sint Maarten"
"320","Antwerpen.AZDelta"
"321","West-Vlaanderen.AZ Sint-Jan Brugge"
"322","West-Vlaanderen.Jan Yperman Ziekenhuis"
"323","Vlaams-Brabant.CENTRUM VOOR MEDISCHE ANALYSE"
"324","Namen.C.H.Bois de l'Abbaye"
"325","Antwerpen.University of Liège COVID-19 testing center"
"326","Antwerpen.AZ Monica Deurne"
"327","Vlaams-Brabant.AZ Klina"
"328","Vlaams-Brabant.Department of Clinical Microbiology"
"329","Antwerpen.Department of Clinical Microbiology"
"330","West-Vlaanderen.AZ Sint Jan Brugge-Oostende AV"
"331","Oost-Vlaanderen.AZ Zeno Knokke-Blankenberge"
"332","Antwerpen.Algemeen Klinisch Labo"
"333","Vlaams-Brabant.Centrum voor Medische Analyse"
"334","Luik.CLINIQUE N-D DE GRACE"
"335","Brussels Hoofdstedelijk Gewest.AZ Jan Portaels"
"336","Vlaams-Brabant.Somedi"
"337","Antwerpen.Plateforme de testing Namuroise"
"338","Luxemburg.AZ St.Jan Brugge-Oostende"
"339","Vlaams-Brabant.AZDelta"
"340","Brussels Hoofdstedelijk Gewest.Marche en Famenne"
"341","Vlaams-Brabant.Marche en Famenne"
"342","Antwerpen.Jessa"
"343","West-Vlaanderen.Imelda Ziekenhuis"
"344","Limburg.LABO LKO - LMC"
"345","Limburg.Centrum voor Medische Analyse"
"346","Waals-Brabant.AZDelta"
"347","Waals-Brabant.Centrum voor Medische Analyse"
"348","Oost-Vlaanderen.ZOL"
"349","Waals-Brabant.Centre Hospitalier Interrégional Edith Cavell"
"350","Brussels Hoofdstedelijk Gewest.Centre Hospitalier Interrégional Edith Cavell"
"351","West-Vlaanderen.OLVZ Aalst"
"352","Brussels Hoofdstedelijk Gewest.Microbiology Department - University Hospital Brussel"
"353","Henegouwen.CHM - SITE CHR"
"354","Luxemburg.Sainte-Elisabeth"
"355","Oost-Vlaanderen.Plateforme de testing Namuroise"
"356","Antwerpen.AZ St.Jan Brugge-Oostende"
"357","Vlaams-Brabant.Clinique Saint-Pierre Ottignies"
"358","Antwerpen.Somedi Laboratories"
"359","Limburg.Somedi Laboratories"
"360","Vlaams-Brabant.Microbiology Department - University Hospital Brussel"
"361","Brussels Hoofdstedelijk Gewest.AZ Klina"
"362","Antwerpen.Jessa Ziekenhuis"
"363","Limburg.Jessa Ziekenhuis"
"364","Waals-Brabant.LKO"
"365","West-Vlaanderen.ZOL"
"366","Vlaams-Brabant.Jessa Ziekenhuis"
"367","Oost-Vlaanderen.LKO"
"368","Vlaams-Brabant.AZ St.Jan Brugge-Oostende"
"369","Limburg.Algemeen Klinisch Labo"
"370","Oost-Vlaanderen.Algemeen Klinisch Labo"
"371","Luxemburg.Klinisch Laboratorium ZNA"
"372","Brussels Hoofdstedelijk Gewest.CLINIQUE N-D DE GRACE"
"373","Limburg.Plateforme de testing Namuroise"
"374","Antwerpen.ZOL"
"375","Waals-Brabant.ZOL"
"376","Waals-Brabant.GHDC - SITE ST JOSEPH"
"377","Luik.Jessa"
"378","West-Vlaanderen.Algemeen Medisch Labo"
"379","Luik.Platform BIS UZA/UAntwerpen"
"380","Antwerpen.#N/A"
"381","West-Vlaanderen.Centrum voor Medische Analyse"
"382","Brussels Hoofdstedelijk Gewest.Centrum voor Medische Analyse"
"383","Antwerpen.AZ St. Jozef"
"384","Henegouwen.OLVZ Aalst"
"385","Oost-Vlaanderen.Microbiology Department - University Hospital Brussel"
"386","Luik.Clinique Notre Dame à Hermalle"
"387","Henegouwen.C.H.C MontLégia"
"388","Vlaams-Brabant.Somedi Laboratories"
"389","Namen.Laboratoire Vivalia"
"390","Luxemburg.Laboratoire Vivalia"
"391","Waals-Brabant.Laboratoire Vivalia"
"392","Brussels Hoofdstedelijk Gewest.Laboratoire Vivalia"
"393","Luik.Laboratoire Vivalia"
"394","Namen.Saint-Luc Bouge"
"395","Henegouwen.LKO"
"396","Luik.AZDelta"
"397","Brussels Hoofdstedelijk Gewest.Clinique Saint-Pierre Ottignies"
"398","Namen.Jessa"
"399","Antwerpen.Sint-Dimpna Geel"
"400","Oost-Vlaanderen.Centrum voor Medische Analyse"
"401","West-Vlaanderen.Jessa"
"402","Limburg.SEQUENCING AZ TURNHOUT"
"403","Antwerpen.SEQUENCING AZ TURNHOUT"
"404","Vlaams-Brabant.ZOL"
"405","Luxemburg.Clinique St Joseph Saint Vith"
"406","Namen.C.H.C MontLégia"
"407","Oost-Vlaanderen.Department of Clinical Microbiology"
"408","West-Vlaanderen.University of Liège COVID-19 testing center"
"409","Waals-Brabant.Klinisch Laboratorium ZNA"
"410","Namen.Sainte-Elisabeth"
"411","Antwerpen.AZ Turnhout"
"412","Antwerpen.Heilig Hartziekenhuis Mol"
"413","Henegouwen.CHR - HAUTE SENNE (TI)"
"414","Luik.Clinique Saint-Pierre Ottignies"
"415","Limburg.C.H.C MontLégia"
"416","Luxemburg.Microbiology Department - University Hospital Brussel"
"417","Antwerpen.AZ Jan Portaels"
"418","Antwerpen.AZ Zeno"
"419","Vlaams-Brabant.Sint-Dimpna Geel"
"420","Namen.CHWAPI - SITE NOTRE DAME"
"421","Luik.Clinique Notre Dame Waremme"
"422","Limburg.Lab voor klinische biologie"
"423","Brussels Hoofdstedelijk Gewest.National Platform bis COVID ULB-IBC"
"424","Luik.National Platform bis COVID ULB-IBC"
"425","Vlaams-Brabant.National Platform bis COVID ULB-IBC"
"426","Waals-Brabant.National Platform bis COVID ULB-IBC"
"427","Henegouwen.National Platform bis COVID ULB-IBC"
"428","Oost-Vlaanderen.National Platform bis COVID ULB-IBC"
"429","Namen.Clinique Notre Dame Waremme"
"430","Luxemburg.C.H Peltzer - la Tourelle"
"431","Limburg.Department of Clinical Microbiology"
"432","Luxemburg.National Platform bis COVID ULB-IBC"
"433","Limburg.National Platform bis COVID ULB-IBC"
"434","Brussels Hoofdstedelijk Gewest.Jessa"
"435","Brussels Hoofdstedelijk Gewest.Klinisch Laboratorium ZNA"
"436","Antwerpen.AZ Rivierenland Rumst"
"437","Antwerpen.AZ Rivierenland Bornem"
"438","Brussels Hoofdstedelijk Gewest.Imelda Ziekenhuis"
"439","Namen.National Platform bis COVID ULB-IBC"
"440","Antwerpen.National Platform bis COVID ULB-IBC"
"441","Brussels Hoofdstedelijk Gewest.C.H.C MontLégia"
"442","Luik.Microbiology Department - University Hospital Brussel"
"443","Oost-Vlaanderen.Marche en Famenne"
"444","Oost-Vlaanderen.AZ Rivierenland Bornem"
"445","Luxemburg.Labo Klinische Biologie, UZA"
"446","West-Vlaanderen.National Platform bis COVID ULB-IBC"
"447","Luxemburg.Marche en famenne"
"448","Vlaams-Brabant.Heilig hart Lier"
"449","Namen.Marche en famenne"
"450","Limburg.Clinique Notre Dame à Hermalle"
"451","Waals-Brabant.Microbiology Department - University Hospital Brussel"
"452","Brussels Hoofdstedelijk Gewest.Cabinet Priv<U+00E9>"
"453","Namen.CHU UCL Namur, Avenue G. Thérasse 1, 5530 Yvoir, Belgium"
"454","Henegouwen.CHU UCL Namur, Avenue G. Thérasse 1, 5530 Yvoir, Belgium"
"455","Waals-Brabant.CHU UCL Namur, Avenue G. Thérasse 1, 5530 Yvoir, Belgium"
"456","Luxemburg.CHU UCL Namur, Avenue G. Thérasse 1, 5530 Yvoir, Belgium"
"457","Vlaams-Brabant.Klinisch laboratorium regionaal Ziekenhuis Sint-Maria"
"458","Limburg.AZ St.Jan Brugge-Oostende"
"459","Oost-Vlaanderen.CHU UCL Namur, Avenue G. Thérasse 1, 5530 Yvoir, Belgium"
"460","Luik.CHU UCL Namur, Avenue G. Thérasse 1, 5530 Yvoir, Belgium"
"461","Antwerpen.Cliniques universitaires Saint-Luc"
"462","Luxemburg.Cliniques universitaires Saint-Luc"
"463","Vlaams-Brabant.AZ Rivierenland Rumst"
"464","West-Vlaanderen.Labo Klinische Biologie, UZA"
"465","Limburg.Sint-Dimpna Geel"
"466","Limburg.Labo Klinische Biologie, UZA"
"467","Luxemburg.marche en famenne"
"468","Namen.marche en famenne"
"469","Namen.212 CHAUSSEE DE NIVELLES|CLINIQUE N-D DE GRACE"
"470","Henegouwen.RUE DU BERGEANT 79|CHWAPI - SITE NOTRE DAME"
"471","Henegouwen.R MARECHAL FOCH 2/A"
"472","Henegouwen.RUE DU SART ALLET 127"
"473","Henegouwen.RUE DE LA PETITE TAILLE 12"
"474","Henegouwen.6 RUE MARGUERITE DEPASSE|GHDC - SITE ST JOSEPH"
"475","Henegouwen.PLACE DU MARAIS 25"
"476","Henegouwen.Pl Joseph Wauters 53"
"477","Henegouwen.PLACE F GOFFE 32"
"478","Henegouwen.RUE BELLE EAU 7"
"479","Henegouwen.212 CHAUSSEE DE NIVELLES|CLINIQUE N-D DE GRACE|LABORATOIRE"
"480","Henegouwen.RUE DE FRANCE 3"
"481","Henegouwen.RUE DU BERGEANT 79"
"482","Henegouwen.RUE DE LA BASSEE 79"
"483","Brussels Hoofdstedelijk Gewest.RUE LEON DUBOIS 241"
"484","Henegouwen.CRP LES MARRONNIERS 94 RUE DESPARS"
"485","Henegouwen.RUE MARECHAL FOCH 2A"
"486","Waals-Brabant.RUE SAINT GERMAIN 79"
"487","Henegouwen.MAISON MEDICALE DE RANSART PLACE FRANCOIS GOFFE, 32"
"488","Henegouwen.RUE DU MAMBOURG 22"
"489","Antwerpen.Microbiology Department - University Hospital Brussel"
"490","Brussels Hoofdstedelijk Gewest.C.H Peltzer - la Tourelle"
"491","Henegouwen.C.H Peltzer - la Tourelle"
"492","Luxemburg.ZOL"
"493","Brussels Hoofdstedelijk Gewest.LKO"
"494","Henegouwen.RUE DES PATURES 2A"
"495","Oost-Vlaanderen.AZ Jan Portaels"
"496","Henegouwen.49 AVENUE DE FECAMP|CENTRE HOSPITALIER MOUSCRON|URGENCES"
"497","Henegouwen.111 RUE PROVINCIALE"
"498","Henegouwen.9 VIEUX CHEMIN D'ERE|LA MAISON MEDICALE"
"499","Henegouwen.RUE DU CRAMPON 111"
"500","Henegouwen.49 AVENUE DE FECAMP|NEPHRO-NEURO-RHUMATO"
"501","Henegouwen.GRAND RUE 3"
"502","Henegouwen.49 AVENUE DE FECAMP|CHM - SITE CHR"
"503","Henegouwen.PLACE DE BRASMENIL 3"
"504","Henegouwen.VIEUX CHEMIN D ERE 9|MAISON MEDICALE ASBL"
"505","Henegouwen.127 GRAND CHEMIN"
"506","Henegouwen.49 AVENUE DE FECAMP|CHM - SITE CHR|SERVICE DES URGENCES"
"507","Henegouwen.AVENUE DE LA BASILIQUE 16-18|CLIN. NEURO-PSYCHIATRIQUE"
"508","Henegouwen.111 RUE DU CRAMPON CABINET MEDICAL DU MOULIN"
"509","Henegouwen.RUE DES PATURES 2A, 7621 LESDAIN"
"510","Henegouwen.3 CHEMIN DU SART"
"511","Henegouwen.AVENUE DELMEE 9|CHWAPI - SITE NOTRE DAME"
"512","Henegouwen.RUE BEYAERT 26"
"513","Henegouwen.92B RUE DE LA LIBERTE"
"514","Henegouwen.RUE DE TOURNAI 66 A"
"515","Henegouwen.RUE CORNUHAUT 8"
"516","Waals-Brabant.Clinique Notre Dame à Hermalle"
"517","Antwerpen.Clinique St Joseph Saint Vith"
"518","Brussels Hoofdstedelijk Gewest.Sainte-Elisabeth"
"519","Luik.Sainte-Elisabeth"
"520","Luik.Klinisch Laboratorium ZNA"
"521","Namen.LKO"
"522","Henegouwen.RUE DE MARBAIX 20"
"523","Henegouwen.51 GRAND RUE"
"524","Henegouwen.51 RUE DES SPORTS|CHWAPI - SITE UNION"
"525","Henegouwen.CHEMIN DE LA RAMEE 9"
"526","Henegouwen.RUE DE LA VEILLEE 44"
"527","Henegouwen.212 CHAUSSEE DE NIVELLES|CLINIQUE N-D DE GRACE|URGENCES"
"528","Henegouwen.8 PLACE ABBE CESAR RENARD"
"529","Henegouwen.212 CHAUSSEE DE NIVELLES|CLINIQUE N-D DE GRACE"
"530","Vlaams-Brabant.CHU UCL Namur, Avenue G. Thérasse 1, 5530 Yvoir, Belgium"
"531","Brussels Hoofdstedelijk Gewest.212 CHAUSSEE DE NIVELLES|CLINIQUE N-D DE GRACE|SERVICE DES URGENCES"
"532","Waals-Brabant.Cabinet Priv<U+00E9>"
"533","Luik.ZOL"
"534","Henegouwen.212 CHAUSSEE DE NIVELLES|CLINIQUE N-D DE GRACE|SERVICE DE PEDIATRIE"
"535","Oost-Vlaanderen.Imelda Ziekenhuis"
"536","Waals-Brabant.212 CHAUSSEE DE NIVELLES|CLINIQUE N-D DE GRACE|URGENCES"
"537","Vlaams-Brabant.AZ Monica Deurne"
"538","Vlaams-Brabant.Department of Microbiology, Laboratoire Hospitalier Universitaire de Bruxelles, Université Libre de Bruxelles"
"539","Henegouwen.GRAND RUE 3|GHDC SITE NOTRE DAME"
"540","Henegouwen.RUE DES ECOLES 26"
"541","Henegouwen.RUE BLANCHE 57"
"542","Namen.CABINET MEDICAL DE LA GARE RUE REINE ELISABETH 76"
"543","Namen.Klinisch Laboratorium ZNA"
"544","Brussels Hoofdstedelijk Gewest.Department of Microbiology, Laboratoire Hospitalier Universitaire de Bruxelles, Université Libre de Bruxelles"
"545","Waals-Brabant.Department of Microbiology, Laboratoire Hospitalier Universitaire de Bruxelles, Université Libre de Bruxelles"
"546","Oost-Vlaanderen.Department of Microbiology, Laboratoire Hospitalier Universitaire de Bruxelles, Université Libre de Bruxelles"
"547","Henegouwen.Department of Microbiology, Laboratoire Hospitalier Universitaire de Bruxelles, Université Libre de Bruxelles"
"548","Luik.Department of Microbiology, Laboratoire Hospitalier Universitaire de Bruxelles, Université Libre de Bruxelles"
"549","Namen.Department of Microbiology, Laboratoire Hospitalier Universitaire de Bruxelles, Université Libre de Bruxelles"
"550","Antwerpen.Department of Microbiology, Laboratoire Hospitalier Universitaire de Bruxelles, Université Libre de Bruxelles"
"551","Henegouwen.9 CHEMIN DE LA RAMEE"
"552","Henegouwen.51 GRAND'RUE"
"553","Luxemburg.Department of Microbiology, Laboratoire Hospitalier Universitaire de Bruxelles, Université Libre de Bruxelles"
"554","Namen.212 CHAUSSEE DE NIVELLES|CLINIQUE N-D DE GRACE|ANESTHESISTE"
"555","Henegouwen.MAISON MEDICALE|RUE DU PHENIX 3"
"556","Namen.RUE DES FALAISES 11"
"557","Namen.20 RUE DE ROCROI"
"558","Henegouwen.AVENUE GEORGES LEMAITRE 25"
"559","Henegouwen.RUE DE FORMANOIR 17"
"560","Henegouwen.R BRASSERIE GILLIEAUX 13"
"561","Henegouwen.RUE DU PONCHA 2"
"562","Henegouwen.MAISON MEDICALE LA BRECHE PLACE WILSON 126"
"563","Henegouwen.CHEE DE FLEURUS 8"
"564","Henegouwen.212 CHAUSSEE DE NIVELLES|CLINIQUE N-D DE GRACE|SERVICE DES URGENCES"
"565","Henegouwen.13 R FRANCOIS WACHEL"
"566","Namen.GRAND RUE 3"
"567","Limburg.Ziekenhuis Oost-Limburg"
"568","Antwerpen.Ziekenhuis Oost-Limburg"
"569","Limburg.AZ Rivierenland Bornem"
"570","Luxemburg.Laboratoire Vivalia - Cliniques St-Joseph, Rue des Déportés 137, 6700 Arlon, Belgium"
"571","Luxemburg.Hôpital Princesse Paola, IFAC, Vivalia, Rue du Vivier, 21 – 6900 Marche-en-Famenne"
"572","Henegouwen.IPG - 25 R GEORGES LEMAITRE"
"573","Henegouwen.140 CHAUSSEE DE BRUXELLES|HOPITAL CIVIL MARIE CURIE|SERVICE DE CHIRURGIE"
"574","Henegouwen.56 RUE ST PIAT"
"575","Henegouwen.RUE DES BERGERS 4/0014"
"576","Henegouwen.AV DE LA LIBERATION"
"577","Namen.RUE DE MARBAIX 20"
"578","Henegouwen.RUE DU CENTRE 92"
"579","Henegouwen.111 CHEE DE BRUXELLES"
"580","Henegouwen.RUE DE L'ESPERANCE 24"
"581","Henegouwen.RUE NEUVE 96"
"582","Henegouwen.RUE DU CHATEAU 4"
"583","Vlaams-Brabant.AVENUE GEORGES LEMAITRE 25"
"584","Henegouwen.AVENUE DELMEE 9|CHWAPI - SITE NOTRE DAME|SERVICE DE BIOLOGIE CLINIQUE"
"585","Henegouwen.VIEUX CHEMIN D'ERE 9"
"586","Henegouwen.RUE DU CRAMPON 11|CABINET PRIVE"
"587","Henegouwen.RUE CHARLES MAUROY 28"
"588","Waals-Brabant.212 CHAUSSEE DE NIVELLES|CLINIQUE N-D DE GRACE|LABORATOIRE"
"589","Henegouwen.RUE FAUTRIL 3"
"590","Waals-Brabant.RUE DU BERCEAU 29"
"591","Henegouwen.RUE DE LA PECHERIE 19"
"592","Henegouwen.AVENUE DELMEE 9"
"593","Henegouwen.PLACE COMMUNALE 24"
"594","Henegouwen.RUE MARECHAL FOCH 2 A"
"595","Henegouwen.Avenue Paul Pastur 190"
"596","Henegouwen.CABINET RAVEL RUE DU BERGEANT 79 9"
"597","Henegouwen.RUE DU SART-ALLET 127"
"598","Namen.Laboratoire Vivalia - Cliniques St-Joseph, Rue des Déportés 137, 6700 Arlon, Belgium"
"599","Henegouwen.Laboratoire Vivalia - Cliniques St-Joseph, Rue des Déportés 137, 6700 Arlon, Belgium"
"600","Vlaams-Brabant.Laboratoire Vivalia - Cliniques St-Joseph, Rue des Déportés 137, 6700 Arlon, Belgium"
"601","Namen.CHEM.DES MEUNIERS 61"
"602","Henegouwen.MAISON MEDICALE DE RANSART MAISON MEDICALE DE RANSART PLACE FRANCOIS GOFFE, 32"
"603","Waals-Brabant.AV ADOLPHE SCHATTENS 29/1"
"604","Henegouwen.RUE D'AZEBOIS 84"
"605","Namen.6 RUE MARGUERITE DEPASSE|GHDC - SITE ST JOSEPH|SERVICE DE BIOLOGIE CLINIQUE"
"606","Waals-Brabant.212 CHAUSSEE DE NIVELLES|CLINIQUE N-D DE GRACE|SERVICE DE MEDECINE INTERNE"
"607","Namen.48 RTE DE SENZEILLES"
"608","Henegouwen.1 RUE SAINT REMY"
"609","Henegouwen.49 AVENUE DE FECAMP|CHM - SITE CHR|SERVICE DE GASTRO-ENTEROLOGIE"
"610","Waals-Brabant.R ST GERMAIN 79"
"611","Henegouwen.6 RUE DE LA PLACE"
"612","Henegouwen.20 RUE DE ROCROI"
"613","Henegouwen.212 CHAUSSEE DE NIVELLES|CLINIQUE N-D DE GRACE|ANESTHESISTE"
"614","Namen.RUE DE LA TANNERIE 4"
"615","Henegouwen.QUAI DU REMPART 19"
"616","Henegouwen.16 R JANSON"
"617","Namen.RUE DE STAVE 1"
"618","Henegouwen.Microbiology Department - University Hospital Brussel"
"619","West-Vlaanderen.CHU UCL Namur, Avenue G. Thérasse 1, 5530 Yvoir, Belgium"
"620","Henegouwen.19 RUE DE LA PECHERIE"
"621","Henegouwen.Rue de l'Esp<U+00E9>rance 24"
"622","Henegouwen.RUE ALBERT 72"
"623","Henegouwen.SEBLES 1"
"624","Henegouwen.RUE DE MARCHIENNE 113"
"625","Henegouwen.RUE E. VANDERVELDE 125"
"626","Namen.HOUPIERE 227"
"627","Henegouwen.1 RUE DE COURCELLES"
"628","Henegouwen.AZ St.Jan Brugge-Oostende"
"629","West-Vlaanderen.Microbiology Department - University Hospital Brussel"
"630","Henegouwen.RUE DU CALVAIRE 98 MAISON MEDICALE"
"631","Henegouwen.RUE DU CENTENAIRE 12"
"632","Henegouwen.RUE DE LA BELLE JOURNEE 1"
"633","Henegouwen.113 RUE DE MARCHIENNE"
"634","Henegouwen.MEDECINE GENERALE RUE DU BIEZ 12"
"635","West-Vlaanderen.49 AVENUE DE FECAMP|CHM - SITE CHR"
"636","Henegouwen.RUE DES DEPORTES 1"
"637","Antwerpen.OLVZ Aalst"
"638","Oost-Vlaanderen.Arlon"
"639","Antwerpen.Platform BIS UZA/Uantwerpen, University Hospital Antwerp (UZA)"
"640","Limburg.Department of Microbiology, Laboratoire Hospitalier Universitaire de Bruxelles, Université Libre de Bruxelles"
"641","West-Vlaanderen.Department of Microbiology, Laboratoire Hospitalier Universitaire de Bruxelles, Université Libre de Bruxelles"
"642","Namen.RUE DU MONT 8"
"643","Henegouwen.CLINIQUE DE BONSECOURS|AVENUE DE LA BASILIQUE 16/18"
"644","Namen.12 RUE DES BERGERIES"
"645","Namen.RUE DU BAN 17"
"646","Henegouwen.RUE ALBERT 1ER 64"
"647","Henegouwen.RUE DU CHAMBGE 24"
"648","Henegouwen.212 CHAUSSEE DE NIVELLES|CLINIQUE N-D DE GRACE|GERIATRIE"
"649","Henegouwen.RUE CHAMPS FALNUEE 67"
"650","Brussels Hoofdstedelijk Gewest.RUE DU CHENEAU 49"
"651","Waals-Brabant.CHAUSSEE DE NAMUR 10"
"652","Namen.CHAUSSEE DE THUIN 197"
"653","Henegouwen.RUE DES COMBATTANTS 25"
"654","Henegouwen.PLACE DEVEZON 3"
"655","Henegouwen.ROUTE DE PHILIPPEVILLE 163"
"656","Henegouwen.100 RUE SART LES MOULINS"
"657","Namen.RUE JEAN LEROY 16"
"658","Henegouwen.AV JULES DESTREE 30"
"659","Henegouwen.RUE DU BON DIEU CAUWERE 4"
"660","Henegouwen.RUE DE LA VIEILLE PLACE 67"
"661","Henegouwen.2 RUE DES DEPORTES DE FROYENNES"
"662","Henegouwen.25 RUE CHILDERIC"
"663","Vlaams-Brabant.Clinique Saint-Pierre asbl"
"664","Waals-Brabant.Clinique Saint-Pierre asbl"
"665","Brussels Hoofdstedelijk Gewest.Clinique Saint-Pierre asbl"
"666","Henegouwen.Clinique Saint-Pierre asbl"
"667","Namen.Clinique Saint-Pierre asbl"
"668","Oost-Vlaanderen.Clinique Saint-Pierre asbl"
"669","Luik.Clinique Saint-Pierre asbl"
"670","Oost-Vlaanderen.Clinique Saint-Pierre Ottignies"
"671","Oost-Vlaanderen.Platform BIS UZA/Uantwerpen, University Hospital Antwerp (UZA)"
"672","Antwerpen.Labo Klinische Biologie, University Hospital Antwerp (UZA)"
"673","Limburg.Platform BIS UZA/Uantwerpen, University Hospital Antwerp (UZA)"
"674","West-Vlaanderen.Platform BIS UZA/Uantwerpen, University Hospital Antwerp (UZA)"
"675","Vlaams-Brabant.Platform BIS UZA/Uantwerpen, University Hospital Antwerp (UZA)"
"676","Henegouwen.Sainte-Elisabeth"
"677","Henegouwen.6 RUE GILLES SAVOIE"
"678","Henegouwen.AVENUE DELMEE 9|CHWAPI - SITE NOTRE DAME|ANESTHESIOLOGIE - REANIMATION"
"679","Henegouwen.CHAUSSEE DE CHARLEROI 9"
"680","Henegouwen.RUE DU PHENIX 3|M.M DE DAMPREMY"
"681","Henegouwen.RUE DES ALLIES 83"
"682","Henegouwen.92 R DES FRANCS"
"683","Henegouwen.CABINET MEDICAL|22 PLACE DU PERRON"
"684","Henegouwen.RUE JULES COPPEE 87"
"685","Henegouwen.PLACE FRANCOIS GOFFE 32"
"686","Oost-Vlaanderen.AZ Klina"
"687","Henegouwen.Arlon"
"688","Henegouwen.MEDECINE GENERALE COUR MONDEZ 2"
"689","Henegouwen.113/A RUE DE MARCHIENNE"
"690","Henegouwen.71 CHAUSSEE DE LANNOY"
"691","Henegouwen.26 RUE EL BAIL"
"692","Henegouwen.RUE DE LA ROQUE-CREPIN 18"
"693","Luxemburg.Clinique Saint-Pierre Ottignies"
"694","Limburg.Heilig hart Lier"
"695","Namen.Jessa Ziekenhuis"
"696","Luxemburg.Plateforme de testing Namuroise, CHU UCL Namur - Site Godinne"
"697","Namen.Plateforme de testing Namuroise, CHU UCL Namur - Site Godinne"
"698","Namen.CHU UCL Namur Site De Sainte-Elisabeth"
"699","Limburg.Klinisch Laboratorium ZNA"
"700","Namen.Autre"
"701","Luxemburg.Autre"
"702","Limburg.LHUB-ULB"
"703","Henegouwen.6 RUE MARGUERITE DEPASSE|GHDC - SITE ST JOSEPH|SERVICE DE BIOLOGIE CLINIQUE"
"704","Waals-Brabant.212 CHAUSSEE DE NIVELLES"
"705","Henegouwen.212 CHAUSSEE DE NIVELLES"
"706","Namen.6 RUE MARGUERITE DEPASSE|GHDC - SITE ST JOSEPH"
"707","Namen.3 RUE DU COUPIAT"
"708","Henegouwen.CABINET PRIVE ZIP 6280"
"709","Henegouwen.CABINET PRIVE ZIP 7608"
"710","Henegouwen.CABINET PRIVE ZIP 7620"
"711","Henegouwen.CABINET PRIVE ZIP 7521"
"712","Henegouwen.CABINET PRIVE ZIP 7531"
"713","Henegouwen.CABINET PRIVE ZIP 6230"
"714","Henegouwen.CABINET PRIVE ZIP 6030"
"715","Henegouwen.CABINET PRIVE ZIP 6010"
"716","Henegouwen.RUE DE L ESPERANCE 24"
"717","Namen.AVENUE GEORGES LEMAITRE 25"
"718","Henegouwen.88 R DES CHARBONNAGES"
"719","Henegouwen.30 AVENUE JULES DESTREE"
"720","Waals-Brabant.71 AV DES NATIONS UNIES"
"721","Henegouwen.RUE PETRIA 1"
"722","Waals-Brabant.13 RUE FOSTY"
"723","Namen.212 CHAUSSEE DE NIVELLES|CLINIQUE N-D DE GRACE|URGENCES"
"724","Namen.ALLEE DES NOISETIERS 4"
"725","Henegouwen.RUE J. ESTER 197"
"726","Henegouwen.CABINET PRIVE ZIP 7640"
"727","Henegouwen.CABINET PRIVE ZIP 7502"
"728","Henegouwen.CABINET PRIVE ZIP 6181"
"729","Namen.CABINET PRIVE ZIP 6120"
"730","Henegouwen.CABINET PRIVE ZIP 6534"
"731","Henegouwen.CABINET PRIVE ZIP 7760"
"732","Henegouwen.GHDC - SITE ST JOSEPH ZIP 6060"
"733","Namen.CABINET PRIVE ZIP 5650"
"734","Henegouwen.CABINET PRIVE ZIP 6000"
"735","Henegouwen.CABINET PRIVE ZIP 6200"
"736","Henegouwen.CABINET PRIVE ZIP 6240"
"737","Henegouwen.RUE DU CALVAIRE 98"
"738","Oost-Vlaanderen.AZ St.-Elisabeth Zottegem"
"739","Limburg.OLVZ Aalst"
"740","Waals-Brabant.Imelda Ziekenhuis"
"741","Namen.Microbiology Department - University Hospital Brussel"
"742","Henegouwen.3 PLACE DEVEZON"
"743","Henegouwen.49 DREVE DES ALLIES"
"744","Henegouwen.AVENUE MEUREE 10"
"745","Henegouwen.BOULEVARD DU ROI ALBERT 80"
"746","Henegouwen.Rue Basse Couture 1 bis"
"747","Waals-Brabant.RUE GOUTTIER 9"
"748","Henegouwen.RUE PRAILE 173"
"749","Namen.RUE REINE ELISABETH 76"
"750","Limburg.Microbiology Department - University Hospital Brussel"
"751","Luxemburg.212 CHAUSSEE DE NIVELLES|CLINIQUE N-D DE GRACE|GERIATRIE"
"752","Henegouwen.RUE DE LA MADELEINE 90"
"753","Henegouwen.PL FRANCOIS GOFFE 32|MAISON MEDICALE DE RANSART"
"754","Henegouwen.SART LES MOULINS, 107"
"755","Henegouwen.241 R LEON DUBOIS"
"756","Namen.RUE DES MARRONNIERS 9"
"757","Henegouwen.RUE DE MARCHIENNE 113A"
"758","Henegouwen.RUE DE LEERNES 17"
"759","Namen.RUELLE CHOUMAQUE 21"
